staff_id,first_name,last_name,email,phone,active,store_id,manager_id,extract_time,source
1,Fabiola,Jackson,fabiola.jackson@bikes.shop,NO PHONE,1,NO STORE,NO manager_id,2024-04-29 00:51:21.381970,DL
2,Mireya,LAST NAME,mireya.copeland@bikes.shop,(831) 555-5555,1,1.0,1.0,2024-04-29 00:51:21.381970,DL
3,Genna,Serrano,genna.serrano@bikes.shop,(831) 555-5556,1,1.0,2.0,2024-04-29 00:51:21.381970,DL
4,Virgie,Wiggins,virgie.wiggins@bikes.shop,(831) 555-5557,1,1.0,2.0,2024-04-29 00:51:21.381970,DL
5,Jannette,David,jannette.david@bikes.shop,(516) 379-4444,1,2.0,1.0,2024-04-29 00:51:21.381970,DL
6,Marcelene,Boyer,NO EMAIL,(516) 379-4445,1,2.0,5.0,2024-04-29 00:51:21.381970,DL
7,Venita,Daniel,venita.daniel@bikes.shop,NO PHONE,1,2.0,5.0,2024-04-29 00:51:21.381970,DL
8,Kali,Vargas,kali.vargas@bikes.shop,(972) 530-5555,1,3.0,1.0,2024-04-29 00:51:21.381970,DL
9,Layla,Terrell,layla.terrell@bikes.shop,(972) 530-5556,1,3.0,7.0,2024-04-29 00:51:21.381970,DL
10,Bernardine,Houston,bernardine.houston@bikes.shop,(972) 530-5557,1,3.0,7.0,2024-04-29 00:51:21.381970,DL
